{
    "centreX": 0.0,
    "radius": 11.492531776428223,
    "halfY": 7.127203941345215,
    "halfX": 6.375,
    "centreZ": 0.0,
    "halfZ": 6.375,
    "centreY": -1.732783317565918
}