{
    "centreX": 10.399965286254883,
    "radius": 13.437793731689453,
    "halfY": 3.206502676010132,
    "halfX": 10.399965286254883,
    "centreZ": -7.882471561431885,
    "halfZ": 7.882471561431885,
    "centreY": 2.0884859561920166
}