{
    "centreX": -0.6861429214477539,
    "radius": 12.628103256225586,
    "halfY": 2.9747445583343508,
    "halfX": 10.110970497131348,
    "centreZ": 6.428793430328369,
    "halfZ": 6.956160068511963,
    "centreY": 0.856731653213501
}