{
    "centreX": 10.35058,
    "radius": 13.93711,
    "halfY": 3.2065,
    "halfX": 10.72914,
    "centreZ": -7.84079,
    "halfZ": 8.2974,
    "centreY": 2.08848
}