{
    "centreX": 0.0,
    "radius": 14.435882568359375,
    "halfY": 0.5609999895095825,
    "halfX": 10.199999809265137,
    "centreZ": 0.0,
    "halfZ": 10.199999809265137,
    "centreY": 0.4795406758785248
}