{
    "centreX": -6.783534049987793,
    "radius": 16.52199935913086,
    "halfY": 4.088992595672607,
    "halfX": 11.070534706115723,
    "centreZ": -4.887874603271484,
    "halfZ": 11.562864303588868,
    "centreY": 3.7889926433563234
}