{
    "centreX": -6.811066627502441,
    "radius": 17.124902725219727,
    "halfY": 5.418222904205322,
    "halfX": 11.251067161560059,
    "centreZ": -4.885435104370117,
    "halfZ": 11.718303680419922,
    "centreY": 3.017709255218506
}