{
    "centreX": -6.811066627502441,
    "radius": 17.123233795166016,
    "halfY": 5.418222904205322,
    "halfX": 11.251067161560059,
    "centreZ": -4.887874603271484,
    "halfZ": 11.715864181518555,
    "centreY": 3.017709255218506
}