{
    "centreX": -6.783534049987793,
    "radius": 16.812746047973634,
    "halfY": 5.139249324798584,
    "halfX": 11.070534706115723,
    "centreZ": -4.887874603271484,
    "halfZ": 11.562864303588868,
    "centreY": 2.738736152648926
}