{
    "centreX": 1.6562968492507935,
    "radius": 3.3367929458618164,
    "halfY": 0.10199999809265137,
    "halfX": 1.6562968492507935,
    "centreZ": -2.8949031829833984,
    "halfZ": 2.8949031829833984,
    "centreY": 0.0
}