{
    "centreX": 0.0,
    "radius": 7.29923,
    "halfY": 1.122,
    "halfX": 5.09999,
    "centreZ": 0.0,
    "halfZ": 5.09999,
    "centreY": 0.15454
}
