{
    "centreX": -0.14999961853027344,
    "radius": 7.53685188293457,
    "halfY": 5.015492916107178,
    "halfX": 3.9780001640319824,
    "centreZ": 0.14999961853027344,
    "halfZ": 3.9780001640319824,
    "centreY": 3.0154929161071777
}