{
    "centreX": 3.5256357192993166,
    "radius": 9.658125877380371,
    "halfY": 2.0399999618530275,
    "halfX": 7.394636154174805,
    "centreZ": -1.966935634613037,
    "halfZ": 5.8683180809021,
    "centreY": 1.9999923706054688
}