{
    "centreX": 3.55016,
    "radius": 10.5458,
    "halfY": 2.39749,
    "halfX": 8.20406,
    "centreZ": -1.99139,
    "halfZ": 6.17732,
    "centreY": 1.89749
}