{
    "centreX": -0.16791963577270508,
    "radius": 6.666996002197266,
    "halfY": 3.040710210800171,
    "halfX": 3.3779191970825195,
    "centreZ": 2.388204574584961,
    "halfZ": 4.877763748168945,
    "centreY": 0.14228415489196777
}