{
    "centreX": -0.16792011260986328,
    "radius": 6.666996955871582,
    "halfY": 3.040710210800171,
    "halfX": 3.3779196739196777,
    "centreZ": 2.3882057666778564,
    "halfZ": 4.877764701843262,
    "centreY": 0.14228415489196777
}