{
    "centreX": 23.87001,
    "radius": 32.9367,
    "halfY": 5.21575,
    "halfX": 23.87001,
    "centreZ": -21.20579,
    "halfZ": 22.0872,
    "centreY": 2.81523
}