{
    "centreX": -0.2999988794326782,
    "radius": 2.7154808044433594,
    "halfY": 1.9890000820159912,
    "halfX": 1.683000087738037,
    "centreZ": 0.0,
    "halfZ": 0.76500004529953,
    "centreY": 1.7999932765960693
}